{
    "TMARS": [
        {
            "humidity": 35.56547547,
            "psi": 8.23445346,
            "temperature": 76.3464326435
        }
    ]
}